{
  "id": "2149229",
  "name": "esm",
  "font_family": "element-icons",
  "css_prefix_text": "el-icon-",
  "description": "",
  "glyphs": [
    {
      "icon_id": "3218416",
      "name": "新增",
      "font_class": "xinzeng2",
      "unicode": "e678",
      "unicode_decimal": 59000
    },
    {
      "icon_id": "2720885",
      "name": "右箭头",
      "font_class": "youjiantou",
      "unicode": "e610",
      "unicode_decimal": 58896
    },
    {
      "icon_id": "12181147",
      "name": "分配",
      "font_class": "fenpei",
      "unicode": "e6d9",
      "unicode_decimal": 59097
    },
    {
      "icon_id": "1054506",
      "name": "预览 (3)",
      "font_class": "yulan3",
      "unicode": "e86c",
      "unicode_decimal": 59500
    },
    {
      "icon_id": "1307217",
      "name": "审批",
      "font_class": "shenpi",
      "unicode": "e730",
      "unicode_decimal": 59184
    },
    {
      "icon_id": "9026343",
      "name": "审批配置",
      "font_class": "shenpipeizhi",
      "unicode": "e659",
      "unicode_decimal": 58969
    },
    {
      "icon_id": "13230071",
      "name": "保养项目",
      "font_class": "baoyangxiangmu",
      "unicode": "e6ad",
      "unicode_decimal": 59053
    },
    {
      "icon_id": "9435241",
      "name": "通过",
      "font_class": "pinglunicon-",
      "unicode": "e739",
      "unicode_decimal": 59193
    },
    {
      "icon_id": "12124015",
      "name": "不通过",
      "font_class": "butongguo1",
      "unicode": "eac6",
      "unicode_decimal": 60102
    },
    {
      "icon_id": "4365050",
      "name": "申请",
      "font_class": "shenqing",
      "unicode": "e60d",
      "unicode_decimal": 58893
    },
    {
      "icon_id": "1725520",
      "name": "备品备件",
      "font_class": "beipinbeijian",
      "unicode": "e62c",
      "unicode_decimal": 58924
    },
    {
      "icon_id": "3863787",
      "name": "备品备件",
      "font_class": "beipinbeijian1",
      "unicode": "e798",
      "unicode_decimal": 59288
    },
    {
      "icon_id": "13393194",
      "name": "仓库管理  库房管理",
      "font_class": "cangkuguanlikufangguanli",
      "unicode": "e60f",
      "unicode_decimal": 58895
    },
    {
      "icon_id": "3746393",
      "name": "配置",
      "font_class": "peizhi",
      "unicode": "e611",
      "unicode_decimal": 58897
    },
    {
      "icon_id": "3889950",
      "name": "2-保养审批",
      "font_class": "-baoyangshenpi",
      "unicode": "e607",
      "unicode_decimal": 58887
    },
    {
      "icon_id": "4482128",
      "name": "保养计划",
      "font_class": "baoyangjihua",
      "unicode": "e608",
      "unicode_decimal": 58888
    },
    {
      "icon_id": "9287476",
      "name": "点检记录",
      "font_class": "dianjianjilu",
      "unicode": "e6a0",
      "unicode_decimal": 59040
    },
    {
      "icon_id": "10547482",
      "name": "巡检计划",
      "font_class": "xunjianjihua",
      "unicode": "e641",
      "unicode_decimal": 58945
    },
    {
      "icon_id": "11533211",
      "name": "巡检",
      "font_class": "xunjian",
      "unicode": "e645",
      "unicode_decimal": 58949
    },
    {
      "icon_id": "13720677",
      "name": "设备保养项配置",
      "font_class": "-shebeibaoyangxiangpeizhi",
      "unicode": "e60c",
      "unicode_decimal": 58892
    },
    {
      "icon_id": "15613091",
      "name": "设备保养",
      "font_class": "shebeibaoyang",
      "unicode": "e618",
      "unicode_decimal": 58904
    },
    {
      "icon_id": "17493323",
      "name": "点检项目",
      "font_class": "dianjianxiangmu",
      "unicode": "e66e",
      "unicode_decimal": 58990
    },
    {
      "icon_id": "6945899",
      "name": "撤回",
      "font_class": "chehui",
      "unicode": "e63b",
      "unicode_decimal": 58939
    },
    {
      "icon_id": "13189303",
      "name": "确定",
      "font_class": "zu",
      "unicode": "e64c",
      "unicode_decimal": 58956
    },
    {
      "icon_id": "6236892",
      "name": "excel",
      "font_class": "excel1",
      "unicode": "e626",
      "unicode_decimal": 58918
    },
    {
      "icon_id": "10579010",
      "name": "txt",
      "font_class": "txt",
      "unicode": "e636",
      "unicode_decimal": 58934
    },
    {
      "icon_id": "14132817",
      "name": "文件",
      "font_class": "wenjian1",
      "unicode": "e66c",
      "unicode_decimal": 58988
    },
    {
      "icon_id": "14317137",
      "name": "图片",
      "font_class": "tupian",
      "unicode": "e66b",
      "unicode_decimal": 58987
    },
    {
      "icon_id": "5731095",
      "name": "查看",
      "font_class": "chakan",
      "unicode": "e647",
      "unicode_decimal": 58951
    },
    {
      "icon_id": "13140582",
      "name": "查看",
      "font_class": "chakan1",
      "unicode": "e61a",
      "unicode_decimal": 58906
    },
    {
      "icon_id": "1247337",
      "name": "天伦-设备维修知识库",
      "font_class": "tianlun-shebeiweixiuzhishiku",
      "unicode": "e725",
      "unicode_decimal": 59173
    },
    {
      "icon_id": "2044770",
      "name": "数据维护",
      "font_class": "shujuweihu",
      "unicode": "e6bd",
      "unicode_decimal": 59069
    },
    {
      "icon_id": "3065044",
      "name": "配件",
      "font_class": "peijian",
      "unicode": "e635",
      "unicode_decimal": 58933
    },
    {
      "icon_id": "3929272",
      "name": "接口",
      "font_class": "icon-menu-m0640",
      "unicode": "e603",
      "unicode_decimal": 58883
    },
    {
      "icon_id": "4159222",
      "name": "文档",
      "font_class": "wendang",
      "unicode": "e801",
      "unicode_decimal": 59393
    },
    {
      "icon_id": "5272012",
      "name": "模块管理",
      "font_class": "module",
      "unicode": "e677",
      "unicode_decimal": 58999
    },
    {
      "icon_id": "5425864",
      "name": "岗位管理",
      "font_class": "gangweiguanli",
      "unicode": "e69a",
      "unicode_decimal": 59034
    },
    {
      "icon_id": "5778696",
      "name": "备件2",
      "font_class": "beijian",
      "unicode": "e7fd",
      "unicode_decimal": 59389
    },
    {
      "icon_id": "6169392",
      "name": "用户授权",
      "font_class": "yonghushouquan",
      "unicode": "e9ad",
      "unicode_decimal": 59821
    },
    {
      "icon_id": "6525287",
      "name": "我的_维修",
      "font_class": "icon_weixiu",
      "unicode": "e604",
      "unicode_decimal": 58884
    },
    {
      "icon_id": "8263954",
      "name": "检修管理",
      "font_class": "jianxiuguanli",
      "unicode": "e646",
      "unicode_decimal": 58950
    },
    {
      "icon_id": "8304324",
      "name": "角色授权",
      "font_class": "jiaoseshouquan",
      "unicode": "e695",
      "unicode_decimal": 59029
    },
    {
      "icon_id": "10404921",
      "name": "角色管理",
      "font_class": "jiaose1",
      "unicode": "e609",
      "unicode_decimal": 58889
    },
    {
      "icon_id": "10490469",
      "name": "调拨",
      "font_class": "tiaobo",
      "unicode": "e605",
      "unicode_decimal": 58885
    },
    {
      "icon_id": "11817274",
      "name": "数据字典",
      "font_class": "shujuzidian",
      "unicode": "e656",
      "unicode_decimal": 58966
    },
    {
      "icon_id": "11913095",
      "name": "权限管理",
      "font_class": "quanxian",
      "unicode": "e6e3",
      "unicode_decimal": 59107
    },
    {
      "icon_id": "12129619",
      "name": "设备管理",
      "font_class": "shebeiguanli",
      "unicode": "e606",
      "unicode_decimal": 58886
    },
    {
      "icon_id": "13738526",
      "name": "台账",
      "font_class": "taizhang",
      "unicode": "edd2",
      "unicode_decimal": 60882
    },
    {
      "icon_id": "14597234",
      "name": "设备维修",
      "font_class": "shebeiweixiu",
      "unicode": "e634",
      "unicode_decimal": 58932
    },
    {
      "icon_id": "15538067",
      "name": "人员机构",
      "font_class": "renyuanjigou",
      "unicode": "e60e",
      "unicode_decimal": 58894
    },
    {
      "icon_id": "10720375",
      "name": "上传",
      "font_class": "shangchuan",
      "unicode": "e62a",
      "unicode_decimal": 58922
    },
    {
      "icon_id": "6718567",
      "name": "下载",
      "font_class": "xiazai",
      "unicode": "e681",
      "unicode_decimal": 59009
    },
    {
      "icon_id": "11758041",
      "name": "新增",
      "font_class": "xinzeng1",
      "unicode": "e619",
      "unicode_decimal": 58905
    },
    {
      "icon_id": "10179070",
      "name": "多用户",
      "font_class": "duoyonghu",
      "unicode": "e698",
      "unicode_decimal": 59032
    },
    {
      "icon_id": "5965486",
      "name": "EXCEL电子表格文件",
      "font_class": "excel",
      "unicode": "e60b",
      "unicode_decimal": 58891
    },
    {
      "icon_id": "12453195",
      "name": "新增",
      "font_class": "xinzeng",
      "unicode": "e6f6",
      "unicode_decimal": 59126
    },
    {
      "icon_id": "13271921",
      "name": "上传",
      "font_class": "shangchuan1",
      "unicode": "e601",
      "unicode_decimal": 58881
    },
    {
      "icon_id": "16549885",
      "name": "搜索--1",
      "font_class": "soushuo",
      "unicode": "e602",
      "unicode_decimal": 58882
    },
    {
      "icon_id": "9012257",
      "name": "删 除",
      "font_class": "shanchu",
      "unicode": "e600",
      "unicode_decimal": 58880
    },
    {
      "icon_id": "16220480",
      "name": "编辑",
      "font_class": "bianji",
      "unicode": "e65b",
      "unicode_decimal": 58971
    },
    {
      "icon_id": "17489556",
      "name": "人物人员新增",
      "font_class": "renwurenyuanxinzeng",
      "unicode": "e697",
      "unicode_decimal": 59031
    },
    {
      "icon_id": "3190117",
      "name": "模块",
      "font_class": "mokuai",
      "unicode": "e616",
      "unicode_decimal": 58902
    },
    {
      "icon_id": "11397123",
      "name": "人员",
      "font_class": "renyuan",
      "unicode": "e727",
      "unicode_decimal": 59175
    },
    {
      "icon_id": "15896078",
      "name": "订 单",
      "font_class": "dingdan",
      "unicode": "e70d",
      "unicode_decimal": 59149
    },
    {
      "icon_id": "8949009",
      "name": "岗位",
      "font_class": "gangwei",
      "unicode": "e658",
      "unicode_decimal": 58968
    },
    {
      "icon_id": "12516398",
      "name": "设 置 (1)",
      "font_class": "shezhi",
      "unicode": "e6f5",
      "unicode_decimal": 59125
    },
    {
      "icon_id": "14660412",
      "name": "授权",
      "font_class": "shouquan",
      "unicode": "e63d",
      "unicode_decimal": 58941
    },
    {
      "icon_id": "14662857",
      "name": "角色",
      "font_class": "jiaose",
      "unicode": "e673",
      "unicode_decimal": 58995
    },
    {
      "icon_id": "17722314",
      "name": "设 置",
      "font_class": "shezhi1",
      "unicode": "e60a",
      "unicode_decimal": 58890
    }
  ]
}
